!Version=1,type=QIN,encoding=MBCS
FILECONT, TITLE
2,1
UserSettings,U_VALUES,U_DATETIME
UserSettingsValues,m3/s,dd-mm-yyyy hh:mm
G_START,G_TS,G_NPROFILES,G_DATATYPE
27/02/2018 12:00:00,3600,3,    0
L_NODEID,L_PTITLE
SX63535101,Dummy Flow
SX63539201,Dummy Flow
SX63539001,Dummy Flow
P_DATETIME,1,2,3
27/02/2018 12:00:00,1,1,1
27/02/2018 13:00:00,3,3,3
27/02/2018 14:00:00,2,2,2
27/02/2018 15:00:00,4,4,4
27/02/2018 16:00:00,2,2,2
27/02/2018 17:00:00,1,1,1
27/02/2018 18:00:00,9,9,9
27/02/2018 19:00:00,1,1,1
27/02/2018 20:00:00,2,2,2
27/02/2018 21:00:00,3,3,3
