<?xml version="1.0"?>
<AdapterConfig xmlns:xsd="http://www.w3.org/2001/XMLSchema" xmlns:xsi="http://www.w3.org/2001/XMLSchema-instance">
  <LaunchCmd CmdType="script">/RunICM</LaunchCmd>
  <ModelSetupFile>MODEL_SETUP\modelsetup.icmm</ModelSetupFile>
  <ModelSetupFile>MODEL_SETUP\run.bat</ModelSetupFile>
  <ModelSetupFile>MODEL_SETUP\run.rb</ModelSetupFile>
  <ModelSetupFile>MODEL_SETUP\import\Dummy Inflow.csv</ModelSetupFile>
  <ModelSetupFile>MODEL_SETUP\3B57FCE5-0A71-4CBE-8B8C-D404E94F9FD8\GGM1.DAT</ModelSetupFile>
  <ModelSetupFile>MODEL_SETUP\3B57FCE5-0A71-4CBE-8B8C-D404E94F9FD8\INF1.DAT</ModelSetupFile>
  <ModelSetupFile>MODEL_SETUP\3B57FCE5-0A71-4CBE-8B8C-D404E94F9FD8\INF1Blob.DAT</ModelSetupFile>
  <ModelSetupFile>MODEL_SETUP\3B57FCE5-0A71-4CBE-8B8C-D404E94F9FD8\INFR1.DAT</ModelSetupFile>
  <ModelSetupFile>MODEL_SETUP\3B57FCE5-0A71-4CBE-8B8C-D404E94F9FD8\INFR1Blob.DAT</ModelSetupFile>
  <ModelSetupFile>MODEL_SETUP\3B57FCE5-0A71-4CBE-8B8C-D404E94F9FD8\MODG1.DAT</ModelSetupFile>
  <ModelSetupFile>MODEL_SETUP\3B57FCE5-0A71-4CBE-8B8C-D404E94F9FD8\MODG2.DAT</ModelSetupFile>
  <ModelSetupFile>MODEL_SETUP\3B57FCE5-0A71-4CBE-8B8C-D404E94F9FD8\NNET1.DAT</ModelSetupFile>
  <ModelSetupFile>MODEL_SETUP\3B57FCE5-0A71-4CBE-8B8C-D404E94F9FD8\NNET1BlobPreview.DAT</ModelSetupFile>
  <ModelSetupFile>MODEL_SETUP\3B57FCE5-0A71-4CBE-8B8C-D404E94F9FD8\RootObjects.Dat</ModelSetupFile>
  <ModelSetupFile>MODEL_SETUP\3B57FCE5-0A71-4CBE-8B8C-D404E94F9FD8\RootPrefs.Dat</ModelSetupFile>
  <ModelSetupFile>MODEL_SETUP\3B57FCE5-0A71-4CBE-8B8C-D404E94F9FD8\RUN1.DAT</ModelSetupFile>
  <ModelSetupFile>MODEL_SETUP\3B57FCE5-0A71-4CBE-8B8C-D404E94F9FD8\SIM1.DAT</ModelSetupFile>
  <ModelSetupFile>MODEL_SETUP\3B57FCE5-0A71-4CBE-8B8C-D404E94F9FD8\WKSP_TestUser.DAT</ModelSetupFile>
  <ModelSetupFile>MODEL_SETUP\3B57FCE5-0A71-4CBE-8B8C-D404E94F9FD8\GM000001\Index.cfg</ModelSetupFile>
  <ModelSetupFile>MODEL_SETUP\3B57FCE5-0A71-4CBE-8B8C-D404E94F9FD8\GM000001\Tile1_0_0.til</ModelSetupFile>
  <ModelSetupFile>MODEL_SETUP\3B57FCE5-0A71-4CBE-8B8C-D404E94F9FD8\GM000001\Tile1_0_1.til</ModelSetupFile>
  <ModelSetupFile>MODEL_SETUP\3B57FCE5-0A71-4CBE-8B8C-D404E94F9FD8\GM000001\Tile1_0_2.til</ModelSetupFile>
  <ModelSetupFile>MODEL_SETUP\3B57FCE5-0A71-4CBE-8B8C-D404E94F9FD8\GM000001\Tile1_0_3.til</ModelSetupFile>
  <ModelSetupFile>MODEL_SETUP\3B57FCE5-0A71-4CBE-8B8C-D404E94F9FD8\GM000001\Tile1_0_4.til</ModelSetupFile>
  <ModelSetupFile>MODEL_SETUP\3B57FCE5-0A71-4CBE-8B8C-D404E94F9FD8\GM000001\Tile1_0_5.til</ModelSetupFile>
  <ModelSetupFile>MODEL_SETUP\3B57FCE5-0A71-4CBE-8B8C-D404E94F9FD8\GM000001\Tile1_1_0.til</ModelSetupFile>
  <ModelSetupFile>MODEL_SETUP\3B57FCE5-0A71-4CBE-8B8C-D404E94F9FD8\GM000001\Tile1_1_1.til</ModelSetupFile>
  <ModelSetupFile>MODEL_SETUP\3B57FCE5-0A71-4CBE-8B8C-D404E94F9FD8\GM000001\Tile1_1_2.til</ModelSetupFile>
  <ModelSetupFile>MODEL_SETUP\3B57FCE5-0A71-4CBE-8B8C-D404E94F9FD8\GM000001\Tile1_1_3.til</ModelSetupFile>
  <ModelSetupFile>MODEL_SETUP\3B57FCE5-0A71-4CBE-8B8C-D404E94F9FD8\GM000001\Tile1_1_4.til</ModelSetupFile>
  <ModelSetupFile>MODEL_SETUP\3B57FCE5-0A71-4CBE-8B8C-D404E94F9FD8\GM000001\Tile1_1_5.til</ModelSetupFile>
  <ModelSetupFile>MODEL_SETUP\3B57FCE5-0A71-4CBE-8B8C-D404E94F9FD8\GM000001\Tile1_2_0.til</ModelSetupFile>
  <ModelSetupFile>MODEL_SETUP\3B57FCE5-0A71-4CBE-8B8C-D404E94F9FD8\GM000001\Tile1_2_1.til</ModelSetupFile>
  <ModelSetupFile>MODEL_SETUP\3B57FCE5-0A71-4CBE-8B8C-D404E94F9FD8\GM000001\Tile1_2_2.til</ModelSetupFile>
  <ModelSetupFile>MODEL_SETUP\3B57FCE5-0A71-4CBE-8B8C-D404E94F9FD8\GM000001\Tile1_2_3.til</ModelSetupFile>
  <ModelSetupFile>MODEL_SETUP\3B57FCE5-0A71-4CBE-8B8C-D404E94F9FD8\GM000001\Tile1_2_4.til</ModelSetupFile>
  <ModelSetupFile>MODEL_SETUP\3B57FCE5-0A71-4CBE-8B8C-D404E94F9FD8\GM000001\Tile1_2_5.til</ModelSetupFile>
  <ModelSetupFile>MODEL_SETUP\3B57FCE5-0A71-4CBE-8B8C-D404E94F9FD8\GM000001\Tile1_3_0.til</ModelSetupFile>
  <ModelSetupFile>MODEL_SETUP\3B57FCE5-0A71-4CBE-8B8C-D404E94F9FD8\GM000001\Tile1_3_1.til</ModelSetupFile>
  <ModelSetupFile>MODEL_SETUP\3B57FCE5-0A71-4CBE-8B8C-D404E94F9FD8\GM000001\Tile1_3_2.til</ModelSetupFile>
  <ModelSetupFile>MODEL_SETUP\3B57FCE5-0A71-4CBE-8B8C-D404E94F9FD8\GM000001\Tile1_3_3.til</ModelSetupFile>
  <ModelSetupFile>MODEL_SETUP\3B57FCE5-0A71-4CBE-8B8C-D404E94F9FD8\GM000001\Tile1_3_4.til</ModelSetupFile>
  <ModelSetupFile>MODEL_SETUP\3B57FCE5-0A71-4CBE-8B8C-D404E94F9FD8\GM000001\Tile1_3_5.til</ModelSetupFile>
  <ModelSetupFile>MODEL_SETUP\3B57FCE5-0A71-4CBE-8B8C-D404E94F9FD8\GM000001\Tile1_4_0.til</ModelSetupFile>
  <ModelSetupFile>MODEL_SETUP\3B57FCE5-0A71-4CBE-8B8C-D404E94F9FD8\GM000001\Tile1_4_1.til</ModelSetupFile>
  <ModelSetupFile>MODEL_SETUP\3B57FCE5-0A71-4CBE-8B8C-D404E94F9FD8\GM000001\Tile1_4_2.til</ModelSetupFile>
  <ModelSetupFile>MODEL_SETUP\3B57FCE5-0A71-4CBE-8B8C-D404E94F9FD8\GM000001\Tile1_4_3.til</ModelSetupFile>
  <ModelSetupFile>MODEL_SETUP\3B57FCE5-0A71-4CBE-8B8C-D404E94F9FD8\GM000001\Tile1_4_4.til</ModelSetupFile>
  <ModelSetupFile>MODEL_SETUP\3B57FCE5-0A71-4CBE-8B8C-D404E94F9FD8\GM000001\Tile1_4_5.til</ModelSetupFile>
  <ModelSetupFile>MODEL_SETUP\3B57FCE5-0A71-4CBE-8B8C-D404E94F9FD8\GM000001\Tile1_5_0.til</ModelSetupFile>
  <ModelSetupFile>MODEL_SETUP\3B57FCE5-0A71-4CBE-8B8C-D404E94F9FD8\GM000001\Tile1_5_1.til</ModelSetupFile>
  <ModelSetupFile>MODEL_SETUP\3B57FCE5-0A71-4CBE-8B8C-D404E94F9FD8\GM000001\Tile1_5_2.til</ModelSetupFile>
  <ModelSetupFile>MODEL_SETUP\3B57FCE5-0A71-4CBE-8B8C-D404E94F9FD8\GM000001\Tile1_5_3.til</ModelSetupFile>
  <ModelSetupFile>MODEL_SETUP\3B57FCE5-0A71-4CBE-8B8C-D404E94F9FD8\GM000001\Tile1_5_4.til</ModelSetupFile>
  <ModelSetupFile>MODEL_SETUP\3B57FCE5-0A71-4CBE-8B8C-D404E94F9FD8\GM000001\Tile1_5_5.til</ModelSetupFile>
  <ModelSetupFile>MODEL_SETUP\3B57FCE5-0A71-4CBE-8B8C-D404E94F9FD8\GM000001\Tile1_6_0.til</ModelSetupFile>
  <ModelSetupFile>MODEL_SETUP\3B57FCE5-0A71-4CBE-8B8C-D404E94F9FD8\GM000001\Tile1_6_1.til</ModelSetupFile>
  <ModelSetupFile>MODEL_SETUP\3B57FCE5-0A71-4CBE-8B8C-D404E94F9FD8\GM000001\Tile1_6_2.til</ModelSetupFile>
  <ModelSetupFile>MODEL_SETUP\3B57FCE5-0A71-4CBE-8B8C-D404E94F9FD8\GM000001\Tile1_6_3.til</ModelSetupFile>
  <ModelSetupFile>MODEL_SETUP\3B57FCE5-0A71-4CBE-8B8C-D404E94F9FD8\GM000001\Tile1_6_4.til</ModelSetupFile>
  <ModelSetupFile>MODEL_SETUP\3B57FCE5-0A71-4CBE-8B8C-D404E94F9FD8\GM000001\Tile1_6_5.til</ModelSetupFile>
  <ModelSetupFile>MODEL_SETUP\3B57FCE5-0A71-4CBE-8B8C-D404E94F9FD8\GM000001\Tile1_7_0.til</ModelSetupFile>
  <ModelSetupFile>MODEL_SETUP\3B57FCE5-0A71-4CBE-8B8C-D404E94F9FD8\GM000001\Tile1_7_1.til</ModelSetupFile>
  <ModelSetupFile>MODEL_SETUP\3B57FCE5-0A71-4CBE-8B8C-D404E94F9FD8\GM000001\Tile1_7_2.til</ModelSetupFile>
  <ModelSetupFile>MODEL_SETUP\3B57FCE5-0A71-4CBE-8B8C-D404E94F9FD8\GM000001\Tile1_7_3.til</ModelSetupFile>
  <ModelSetupFile>MODEL_SETUP\3B57FCE5-0A71-4CBE-8B8C-D404E94F9FD8\GM000001\Tile1_7_4.til</ModelSetupFile>
  <ModelSetupFile>MODEL_SETUP\3B57FCE5-0A71-4CBE-8B8C-D404E94F9FD8\GM000001\Tile1_7_5.til</ModelSetupFile>
  <ModelSetupFile>MODEL_SETUP\3B57FCE5-0A71-4CBE-8B8C-D404E94F9FD8\GM000001\Tile1_8_0.til</ModelSetupFile>
  <ModelSetupFile>MODEL_SETUP\3B57FCE5-0A71-4CBE-8B8C-D404E94F9FD8\GM000001\Tile1_8_1.til</ModelSetupFile>
  <ModelSetupFile>MODEL_SETUP\3B57FCE5-0A71-4CBE-8B8C-D404E94F9FD8\GM000001\Tile1_8_2.til</ModelSetupFile>
  <ModelSetupFile>MODEL_SETUP\3B57FCE5-0A71-4CBE-8B8C-D404E94F9FD8\GM000001\Tile1_8_3.til</ModelSetupFile>
  <ModelSetupFile>MODEL_SETUP\3B57FCE5-0A71-4CBE-8B8C-D404E94F9FD8\GM000001\Tile1_8_4.til</ModelSetupFile>
  <ModelSetupFile>MODEL_SETUP\3B57FCE5-0A71-4CBE-8B8C-D404E94F9FD8\GM000001\Tile1_8_5.til</ModelSetupFile>
  <ModelSetupFile>MODEL_SETUP\3B57FCE5-0A71-4CBE-8B8C-D404E94F9FD8\GM000001\Tile1_9_0.til</ModelSetupFile>
  <ModelSetupFile>MODEL_SETUP\3B57FCE5-0A71-4CBE-8B8C-D404E94F9FD8\GM000001\Tile1_9_1.til</ModelSetupFile>
  <ModelSetupFile>MODEL_SETUP\3B57FCE5-0A71-4CBE-8B8C-D404E94F9FD8\GM000001\Tile1_9_2.til</ModelSetupFile>
  <ModelSetupFile>MODEL_SETUP\3B57FCE5-0A71-4CBE-8B8C-D404E94F9FD8\GM000001\Tile1_9_3.til</ModelSetupFile>
  <ModelSetupFile>MODEL_SETUP\3B57FCE5-0A71-4CBE-8B8C-D404E94F9FD8\GM000001\Tile1_9_4.til</ModelSetupFile>
  <ModelSetupFile>MODEL_SETUP\3B57FCE5-0A71-4CBE-8B8C-D404E94F9FD8\GM000001\Tile1_9_5.til</ModelSetupFile>
  <ModelSetupFile>MODEL_SETUP\3B57FCE5-0A71-4CBE-8B8C-D404E94F9FD8\GM000001\Tile1_10_0.til</ModelSetupFile>
  <ModelSetupFile>MODEL_SETUP\3B57FCE5-0A71-4CBE-8B8C-D404E94F9FD8\GM000001\Tile1_10_1.til</ModelSetupFile>
  <ModelSetupFile>MODEL_SETUP\3B57FCE5-0A71-4CBE-8B8C-D404E94F9FD8\GM000001\Tile1_10_2.til</ModelSetupFile>
  <ModelSetupFile>MODEL_SETUP\3B57FCE5-0A71-4CBE-8B8C-D404E94F9FD8\GM000001\Tile1_10_3.til</ModelSetupFile>
  <ModelSetupFile>MODEL_SETUP\3B57FCE5-0A71-4CBE-8B8C-D404E94F9FD8\GM000001\Tile1_10_4.til</ModelSetupFile>
  <ModelSetupFile>MODEL_SETUP\3B57FCE5-0A71-4CBE-8B8C-D404E94F9FD8\GM000001\Tile1_10_5.til</ModelSetupFile>
  <ModelSetupFile>MODEL_SETUP\3B57FCE5-0A71-4CBE-8B8C-D404E94F9FD8\GM000001\Tile1_11_0.til</ModelSetupFile>
  <ModelSetupFile>MODEL_SETUP\3B57FCE5-0A71-4CBE-8B8C-D404E94F9FD8\GM000001\Tile1_11_1.til</ModelSetupFile>
  <ModelSetupFile>MODEL_SETUP\3B57FCE5-0A71-4CBE-8B8C-D404E94F9FD8\GM000001\Tile1_11_2.til</ModelSetupFile>
  <ModelSetupFile>MODEL_SETUP\3B57FCE5-0A71-4CBE-8B8C-D404E94F9FD8\GM000001\Tile1_11_3.til</ModelSetupFile>
  <ModelSetupFile>MODEL_SETUP\3B57FCE5-0A71-4CBE-8B8C-D404E94F9FD8\GM000001\Tile1_11_4.til</ModelSetupFile>
  <ModelSetupFile>MODEL_SETUP\3B57FCE5-0A71-4CBE-8B8C-D404E94F9FD8\GM000001\Tile1_11_5.til</ModelSetupFile>
  <ModelSetupFile>MODEL_SETUP\3B57FCE5-0A71-4CBE-8B8C-D404E94F9FD8\GM000001\Tile2_0_0.til</ModelSetupFile>
  <ModelSetupFile>MODEL_SETUP\3B57FCE5-0A71-4CBE-8B8C-D404E94F9FD8\GM000001\Tile2_0_1.til</ModelSetupFile>
  <ModelSetupFile>MODEL_SETUP\3B57FCE5-0A71-4CBE-8B8C-D404E94F9FD8\GM000001\Tile2_0_2.til</ModelSetupFile>
  <ModelSetupFile>MODEL_SETUP\3B57FCE5-0A71-4CBE-8B8C-D404E94F9FD8\GM000001\Tile2_1_0.til</ModelSetupFile>
  <ModelSetupFile>MODEL_SETUP\3B57FCE5-0A71-4CBE-8B8C-D404E94F9FD8\GM000001\Tile2_1_1.til</ModelSetupFile>
  <ModelSetupFile>MODEL_SETUP\3B57FCE5-0A71-4CBE-8B8C-D404E94F9FD8\GM000001\Tile2_1_2.til</ModelSetupFile>
  <ModelSetupFile>MODEL_SETUP\3B57FCE5-0A71-4CBE-8B8C-D404E94F9FD8\GM000001\Tile2_2_0.til</ModelSetupFile>
  <ModelSetupFile>MODEL_SETUP\3B57FCE5-0A71-4CBE-8B8C-D404E94F9FD8\GM000001\Tile2_2_1.til</ModelSetupFile>
  <ModelSetupFile>MODEL_SETUP\3B57FCE5-0A71-4CBE-8B8C-D404E94F9FD8\GM000001\Tile2_2_2.til</ModelSetupFile>
  <ModelSetupFile>MODEL_SETUP\3B57FCE5-0A71-4CBE-8B8C-D404E94F9FD8\GM000001\Tile2_3_0.til</ModelSetupFile>
  <ModelSetupFile>MODEL_SETUP\3B57FCE5-0A71-4CBE-8B8C-D404E94F9FD8\GM000001\Tile2_3_1.til</ModelSetupFile>
  <ModelSetupFile>MODEL_SETUP\3B57FCE5-0A71-4CBE-8B8C-D404E94F9FD8\GM000001\Tile2_3_2.til</ModelSetupFile>
  <ModelSetupFile>MODEL_SETUP\3B57FCE5-0A71-4CBE-8B8C-D404E94F9FD8\GM000001\Tile2_4_0.til</ModelSetupFile>
  <ModelSetupFile>MODEL_SETUP\3B57FCE5-0A71-4CBE-8B8C-D404E94F9FD8\GM000001\Tile2_4_1.til</ModelSetupFile>
  <ModelSetupFile>MODEL_SETUP\3B57FCE5-0A71-4CBE-8B8C-D404E94F9FD8\GM000001\Tile2_4_2.til</ModelSetupFile>
  <ModelSetupFile>MODEL_SETUP\3B57FCE5-0A71-4CBE-8B8C-D404E94F9FD8\GM000001\Tile2_5_0.til</ModelSetupFile>
  <ModelSetupFile>MODEL_SETUP\3B57FCE5-0A71-4CBE-8B8C-D404E94F9FD8\GM000001\Tile2_5_1.til</ModelSetupFile>
  <ModelSetupFile>MODEL_SETUP\3B57FCE5-0A71-4CBE-8B8C-D404E94F9FD8\GM000001\Tile2_5_2.til</ModelSetupFile>
  <ModelSetupFile>MODEL_SETUP\3B57FCE5-0A71-4CBE-8B8C-D404E94F9FD8\GM000001\Tile4_0_0.til</ModelSetupFile>
  <ModelSetupFile>MODEL_SETUP\3B57FCE5-0A71-4CBE-8B8C-D404E94F9FD8\GM000001\Tile4_0_1.til</ModelSetupFile>
  <ModelSetupFile>MODEL_SETUP\3B57FCE5-0A71-4CBE-8B8C-D404E94F9FD8\GM000001\Tile4_1_0.til</ModelSetupFile>
  <ModelSetupFile>MODEL_SETUP\3B57FCE5-0A71-4CBE-8B8C-D404E94F9FD8\GM000001\Tile4_1_1.til</ModelSetupFile>
  <ModelSetupFile>MODEL_SETUP\3B57FCE5-0A71-4CBE-8B8C-D404E94F9FD8\GM000001\Tile4_2_0.til</ModelSetupFile>
  <ModelSetupFile>MODEL_SETUP\3B57FCE5-0A71-4CBE-8B8C-D404E94F9FD8\GM000001\Tile4_2_1.til</ModelSetupFile>
  <ModelSetupFile>MODEL_SETUP\3B57FCE5-0A71-4CBE-8B8C-D404E94F9FD8\GM000001\Tile8_0_0.til</ModelSetupFile>
  <ModelSetupFile>MODEL_SETUP\3B57FCE5-0A71-4CBE-8B8C-D404E94F9FD8\GM000001\Tile8_1_0.til</ModelSetupFile>
  <ModelSetupFile>MODEL_SETUP\3B57FCE5-0A71-4CBE-8B8C-D404E94F9FD8\GM000001\Tile16_0_0.til</ModelSetupFile>
  <ModelSetupFile>MODEL_SETUP\3B57FCE5-0A71-4CBE-8B8C-D404E94F9FD8\GM000001\Tile32_0_0.til</ModelSetupFile>
  <ModelSetupFile>MODEL_SETUP\3B57FCE5-0A71-4CBE-8B8C-D404E94F9FD8\GM000001\Tile64_0_0.til</ModelSetupFile>
  <ModelSetupFile>MODEL_SETUP\3B57FCE5-0A71-4CBE-8B8C-D404E94F9FD8\numbatdata\s169-1.wdb</ModelSetupFile>
  <ModelSetupFile>MODEL_SETUP\3B57FCE5-0A71-4CBE-8B8C-D404E94F9FD8\numbatdata\s169-1.log\create.log</ModelSetupFile>
  <StartOfSimulation>2018-02-27 12:00:00</StartOfSimulation>
  <EndOfSimulation>2018-02-27 18:00:00</EndOfSimulation>
  <TimeOfForecast>2018-02-27 18:00:00</TimeOfForecast>
  <OtherOutputFile>Adapter.log</OtherOutputFile>
  <ModelObjectType Id="Conduit" NameField="id" ShapeFile="MODEL_SETUP\shp\Conduit.shp" ShapeFileIdAttribute="id">
    <Symbology>
      <FeatureLayerDefinition>
        <LayerStyleDefinition Color="ff00c000" OuterLineColor="ff00c000" OuterLineThickness="1" OuterLineType="Solid" />
      </FeatureLayerDefinition>
    </Symbology>
    <ModelObject Id="SX63539001.1" Name="SX63539001.1" />
    <ModelObject Id="SX63527801.1" Name="SX63527801.1" />
    <ModelObject Id="SX63522401.1" Name="SX63522401.1" />
    <ModelObject Id="SX63523301.1" Name="SX63523301.1" />
    <ModelObject Id="SX63539201.1" Name="SX63539201.1" />
    <ModelObject Id="SX63538101.1" Name="SX63538101.1" />
    <ModelObject Id="SX63537001.1" Name="SX63537001.1" />
    <ModelObject Id="SX63535101.1" Name="SX63535101.1" />
  </ModelObjectType>
  <ModelObjectType Id="Manhole" NameField="node_id" ShapeFile="MODEL_SETUP\shp\Node.shp" ShapeFileIdAttribute="node_id">
    <Symbology>
      <FeatureLayerDefinition>
        <LayerStyleDefinition Color="ff00c000" OuterLineColor="ff00c000" OuterLineThickness="2" OuterLineType="Solid" />
      </FeatureLayerDefinition>
    </Symbology>
    <ModelObject Id="SX63539001" Name="SX63539001">
      <InputTimeseriesFile FilePath="INPUT_DATA\SX63539001.dfs0" />
      <OutputTimeseriesFile FilePath="OUTPUT_DATA\SX63539001.dfs0" ItemNumber="1" ItemName="SX63539001" Name="SX63539001" />
    </ModelObject>
    <ModelObject Id="SX63527801" Name="SX63527801">
      <OutputTimeseriesFile FilePath="OUTPUT_DATA\SX63527801.dfs0" ItemNumber="1" ItemName="SX63527801" Name="SX63527801" />
    </ModelObject>
    <ModelObject Id="SX63522401" Name="SX63522401" />
    <ModelObject Id="SX63523301" Name="SX63523301">
      <OutputTimeseriesFile FilePath="OUTPUT_DATA\SX63523301.dfs0" ItemNumber="1" ItemName="SX63523301" Name="SX63523301" />
    </ModelObject>
    <ModelObject Id="SX63523302" Name="SX63523302">
      <OutputTimeseriesFile FilePath="OUTPUT_DATA\SX63523302.dfs0" ItemNumber="1" ItemName="SX63523302" Name="SX63523302" />
    </ModelObject>
    <ModelObject Id="SX63539201" Name="SX63539201">
      <InputTimeseriesFile FilePath="INPUT_DATA\SX63539201.dfs0" />
    </ModelObject>
    <ModelObject Id="SX63538101" Name="SX63538101" />
    <ModelObject Id="SX63537001" Name="SX63537001" />
    <ModelObject Id="SX63535101" Name="SX63535101">
      <InputTimeseriesFile FilePath="INPUT_DATA\SX63535101.dfs0" />
    </ModelObject>
  </ModelObjectType>
</AdapterConfig>